heavy_1_0,1256908977,1256909149,1
heavy_1_1,1256909104,1256909235,1
heavy_1_2,1256909235,1256909320,1
heavy_1_3,1256909320,1256909502,1
heavy_1_4,1256909502,1256909573,1
heavy_2_0,1256909887,1256909928,1
heavy_2_1,1256909887,1256909928,1
heavy_3_0,1256926872,1256926989,1
heavy_3_1,1256926872,1256926989,1
heavy_4_0,1256927469,1256927505,1
heavy_4_1,1256927469,1256927505,1
heavy_6_0,1256928303,1256928330,1
heavy_6_1,1256928319,1256928396,1
heavy_7_0,1256933842,1256933918,1
heavy_7_1,1256933842,1256933918,1
heavy_7_2,1256933959,1256933991,1
heavy_7_3,1256933959,1256933991,1
heavy_8_0,1256933959,1256933991,1
heavy_8_1,1256933959,1256933991,1
heavy_9_0,1256936232,1256936268,1
heavy_9_1,1256936232,1256936268,1
heavy_9_2,1256936339,1256936419,1
heavy_9_3,1256936339,1256936419,1
heavy_10_0,1256936943,1256937004,1
heavy_10_1,1256936943,1256937004,1
heavy_11_0,1256937422,1256937454,1
heavy_11_1,1256937438,1256937454,1
heavy_12_0,1256938217,1256938247,1
heavy_12_1,1256938217,1256938247,1
heavy_13_0,1256938217,1256938247,1
heavy_13_1,1256938217,1256938247,1
heavy_12_2,1256938343,1256938415,1
heavy_12_3,1256938343,1256938415,1
heavy_13_2,1256938343,1256938415,1
heavy_13_3,1256938343,1256938415,1
heavy_14_0,1256938415,1256938487,1
heavy_14_1,1256938415,1256938487,1
heavy_14_2,1256938517,1256938553,1
heavy_14_3,1256938517,1256938553,1
heavy_15_0,1256938517,1256938553,1
heavy_15_1,1256938517,1256938553,1
heavy_16_0,1256939047,1256939503,1
heavy_16_1,1256939047,1256939503,1
heavy_16_2,1256939529,1256939611,1
heavy_16_3,1256939529,1256939611,1
heavy_17_0,1256939529,1256939611,1
heavy_17_1,1256939529,1256939611,1
heavy_18_0,1256939893,1256939974,1
heavy_18_1,1256939893,1256939974,1
heavy_19_0,1257164482,1257164522,2
heavy_19_1,1257164508,1257164599,2
heavy_20_0,1257263360,1257263573,3
heavy_20_1,1257263376,1257263573,3
heavy_21_0,1257263650,1257263846,3
heavy_21_1,1257263650,1257263846,3
heavy_22_0,1257332174,1257332368,3
heavy_22_1,1257332174,1257332368,3
heavy_23_0,1257333023,1257333279,2
heavy_23_1,1257333023,1257333279,2
heavy_24_0,1257357775,1257358092,4
heavy_24_1,1257357775,1257358314,4
heavy_25_0,1257358592,1257358871,4
heavy_25_1,1257358592,1257360540,4
heavy_26_0,1257358592,1257360820,4
heavy_26_1,1257358592,1257361039,4
heavy_test_1_0,1257360525,1257365971,4
heavy_test_1_1,1257360525,1257366158,4
heavy_test_2_0,1257360525,1257366433,4
heavy_test_2_1,1257360525,1257366666,4
heavy_test_3_0,1257360525,1257366850,4
heavy_test_3_1,1257360525,1257367122,4
heavy_test_4_0,1257360525,1257367351,4
heavy_test_4_1,1257360525,1257367574,4
heavy_test_5_0,1257360525,1257367805,4
heavy_test_5_1,1257360525,1257367990,4
heavy_test_6_0,1257360525,1257368266,4
heavy_test_6_1,1257360525,1257368492,4
heavy_test_7_0,1257360525,1257368721,4
heavy_test_7_1,1257360525,1257368953,4
heavy_test_8_0,1257360525,1257369129,4
heavy_test_8_1,1257360525,1257369406,4
heavy_test_9_0,1257360525,1257369639,4
heavy_test_9_1,1257360525,1257369865,4
heavy_test_10_0,1257360525,1257370098,4
heavy_test_10_1,1257360525,1257370280,4
heavy_test_11_0,1257360525,1257370551,4
heavy_test_11_1,1257360525,1257370731,4
heavy_test_12_0,1257360525,1257371007,4
heavy_test_12_1,1257360525,1257371231,4
heavy_test_13_0,1257360525,1257371465,4
heavy_test_13_1,1257360525,1257371668,4
heavy_test_14_0,1257360525,1257371932,4
heavy_test_14_1,1257360525,1257372787,4
heavy_test_15_0,1257362934,1257374418,4
heavy_test_15_1,1257363219,1257374418,4
heavy_test_16_0,1257363909,1257379400,4
heavy_test_16_1,1257364326,1257379400,4
heavy_test_17_0,1257364602,1257379400,4
heavy_test_17_1,1257364828,1257379400,4
heavy_test_18_0,1257363452,1257374418,4
heavy_test_18_1,1257364310,1257379400,4
heavy_test_19_0,1257364998,1257379400,4
heavy_test_19_1,1257365013,1257379400,4
heavy_test_20_0,1257362762,1257374418,4
heavy_test_20_1,1257365288,1257379400,4
heavy_test_21_0,1257366142,1257379400,4
heavy_test_21_1,1257366158,1257379400,4
heavy_test_22_0,1257366433,1257379400,4
heavy_test_22_1,1257366666,1257379400,4
heavy_test_23_0,1257366836,1257379400,4
heavy_test_23_1,1257367122,1257379400,4
heavy_test_24_0,1257367351,1257382500,4
heavy_test_24_1,1257362535,1257374418,4
heavy_test_25_0,1257363640,1257379400,4
heavy_test_25_1,1257367351,1257382500,4
heavy_test_26_0,1257367975,1257382500,4
heavy_test_26_1,1257367990,1257382500,4
heavy_test_27_0,1257368266,1257382500,4
heavy_test_27_1,1257368953,1257382500,4
heavy_test_28_0,1257369113,1257382500,4
heavy_test_28_1,1257362949,1257374418,4
heavy_test_29_0,1257360820,1257372787,4
heavy_test_29_1,1257369129,1257382500,4
heavy_test_30_0,1257369406,1257382500,4
heavy_test_30_1,1257367574,1257382500,4
heavy_test_31_0,1257369639,1257382644,4
heavy_test_31_1,1257369639,1257382932,4
heavy_test_32_0,1257363624,1257379400,4
heavy_test_32_1,1257369865,1257383101,4
heavy_test_33_0,1257370098,1257383567,4
heavy_test_33_1,1257370264,1257383567,4
heavy_test_34_0,1257370551,1257389979,4
heavy_test_34_1,1257361039,1257374418,4
heavy_test_35_0,1257370716,1257389979,4
heavy_test_35_1,1257365512,1257379400,4
heavy_test_36_0,1257365512,1257379400,4
heavy_test_36_1,1257365971,1257379400,4
heavy_test_37_0,1257364142,1257379400,4
heavy_test_37_1,1257365743,1257379400,4
heavy_test_38_0,1257371007,1257389979,4
heavy_test_38_1,1257371231,1257389979,4
heavy_test_39_0,1257371231,1257389979,4
heavy_test_39_1,1257366850,1257379400,4
heavy_test_40_0,1257367805,1257382500,4
heavy_test_40_1,1257370280,1257383770,4
heavy_test_41_0,1257368721,1257382500,4
heavy_test_41_1,1257368492,1257382500,4
heavy_test_42_0,1257368492,1257382500,4
heavy_test_42_1,1257370731,1257389979,4
heavy_test_43_0,1257360540,1257372787,4
heavy_test_43_1,1257360524,1257362535,4
heavy_test_44_0,1257360525,1257362762,4
heavy_test_44_1,1257360525,1257362949,4
heavy_test_45_0,1257360525,1257363219,4
heavy_test_45_1,1257360525,1257363452,4
heavy_test_46_0,1257360525,1257363640,4
heavy_test_46_1,1257360525,1257363909,4
heavy_test_47_0,1257360525,1257364142,4
heavy_test_47_1,1257360525,1257364326,4
heavy_test_48_0,1257360525,1257364602,4
heavy_test_48_1,1257360525,1257364828,4
heavy_test_49_0,1257360525,1257365013,4
heavy_test_49_1,1257360525,1257365288,4
heavy_test_50_0,1257360525,1257365512,4
heavy_test_50_1,1257360525,1257365743,4
heavy_27_0,1258044827,1258044908,5
heavy_27_1,1258044827,1258044908,5
heavy_27_2,1258045474,0,5
heavy_27_3,1258045474,0,5
heavy_28_0,1258046563,1258046983,4
heavy_28_1,1258046943,1258046983,4
heavy_29_0,1258046943,1258046983,4
heavy_29_1,1258046943,1258046983,4
heavy_28_2,1258047052,1258047137,4
heavy_28_3,1258047052,1258047137,4
heavy_29_2,1258047052,1258047137,4
heavy_29_3,1258047052,1258047137,4
heavy_30_0,1258047188,1258047234,3
heavy_30_1,1258047188,1258047234,3
heavy_30_2,1258047265,1258047343,3
heavy_30_3,1258047265,1258047343,3
heavy_31_0,1258047265,1258047343,3
heavy_31_1,1258047265,1258047343,3
heavy_31_2,1258047418,1258047509,3
heavy_31_3,1258047418,1258047509,3
heavy_32_0,1258047599,1258047614,3
heavy_32_1,1258047599,1258047614,3
heavy_32_2,1258047630,1258047700,3
heavy_32_3,1258047630,1258047700,3
heavy_33_0,1258048193,1258048472,3
heavy_33_1,1258048193,1258048472,3
heavy_test3_1_0,1258049586,0,5
heavy_test3_1_1,1258049586,0,5
heavy_test3_2_0,1258049586,0,5
heavy_test3_2_1,1258049586,0,5
heavy_test3_3_0,1258049586,0,5
heavy_test3_3_1,1258049586,0,5
heavy_test3_4_0,1258049586,0,5
heavy_test3_4_1,1258049586,0,5
heavy_test3_5_0,1258049586,0,5
heavy_test3_5_1,1258049586,0,5
heavy_test3_6_0,1258049586,0,5
heavy_test3_6_1,1258049586,0,5
heavy_test3_7_0,1258049586,0,5
heavy_test3_7_1,1258049586,0,5
heavy_test3_8_0,1258049586,0,5
heavy_test3_8_1,1258049697,0,5
heavy_test3_9_0,1258049697,0,5
heavy_test3_9_1,1258049697,0,5
heavy_test3_10_0,1258049697,0,5
heavy_test3_10_1,1258049697,0,5
heavy_test3_11_0,1258049697,0,5
heavy_test3_11_1,1258049697,0,5
heavy_test3_12_0,1258049697,0,5
heavy_test3_12_1,1258049697,0,5
heavy_test3_13_0,1258049697,0,5
heavy_test3_13_1,1258049697,0,5
heavy_test3_14_0,1258049697,0,5
heavy_test3_14_1,1258049697,0,5
heavy_test3_15_0,1258049697,0,5
heavy_test3_15_1,1258049729,0,5
heavy_test3_16_0,1258049729,0,5
heavy_test3_16_1,1258049729,0,5
heavy_test3_17_0,1258049729,0,5
heavy_test3_17_1,1258049729,0,5
heavy_test3_18_0,1258049729,0,5
heavy_test3_18_1,1258049729,0,5
heavy_test3_19_0,1258049729,0,5
heavy_test3_19_1,1258049729,0,5
heavy_test3_20_0,1258049729,0,5
heavy_test3_20_1,1258049729,0,5
heavy_test3_21_0,1258049729,0,5
heavy_test3_21_1,1258049541,0,5
heavy_test3_22_0,1258049541,0,5
heavy_test3_22_1,1258049541,0,5
heavy_test3_23_0,1258049541,0,5
heavy_test3_23_1,1258049541,0,5
heavy_test3_24_0,1258049541,0,5
heavy_test3_24_1,1258049541,0,5
heavy_test3_25_0,1258049541,0,5
heavy_test3_25_1,1258049541,0,5
heavy_test3_26_0,1258049541,0,5
heavy_test3_26_1,1258049541,0,5
heavy_test3_27_0,1258049541,0,5
heavy_test3_27_1,1258049541,0,5
heavy_test3_28_0,1258049541,0,5
heavy_test3_28_1,1258049541,0,5
heavy_test3_29_0,1258049541,0,5
heavy_test3_29_1,1258049541,0,5
heavy_test3_30_0,1258049541,0,5
heavy_test3_30_1,1258049541,0,5
heavy_test3_31_0,1258049541,0,5
heavy_test3_31_1,1258049541,0,5
heavy_test3_32_0,1258049541,0,5
heavy_test3_32_1,1258049570,0,5
heavy_test3_33_0,1258049570,0,5
heavy_test3_33_1,1258049570,0,5
heavy_test3_34_0,1258049570,0,5
heavy_test3_34_1,1258049570,0,5
heavy_test3_35_0,1258049570,0,5
heavy_test3_35_1,1258049570,0,5
heavy_test3_36_0,1258049570,0,5
heavy_test3_36_1,1258049570,0,5
heavy_test3_37_0,1258049570,0,5
heavy_test3_37_1,1258049570,0,5
heavy_test3_38_0,1258049570,0,5
heavy_test3_38_1,1258049570,0,5
heavy_test3_39_0,1258049570,0,5
heavy_test3_39_1,1258049570,0,5
heavy_test3_40_0,1258049570,0,5
heavy_test3_40_1,1258049570,0,5
heavy_test3_41_0,1258049570,0,5
heavy_test3_41_1,1258049570,0,5
heavy_test3_42_0,1258049570,0,5
heavy_test3_42_1,1258049570,0,5
heavy_test3_43_0,1258049570,0,5
heavy_test3_43_1,1258049697,0,5
heavy_test3_44_0,1258049697,0,5
heavy_test3_44_1,1258049697,0,5
heavy_test3_45_0,1258049697,0,5
heavy_test3_45_1,1258049697,0,5
heavy_test3_46_0,1258049697,0,5
heavy_test3_46_1,1258049697,0,5
heavy_test3_47_0,1258049697,0,5
heavy_test3_47_1,1258049586,0,5
heavy_test3_48_0,1258049586,0,5
heavy_test3_48_1,1258049586,0,5
heavy_test3_49_0,1258049586,0,5
heavy_test3_49_1,1258049586,0,5
heavy_test3_50_0,1258049586,0,5
heavy_test3_50_1,1258049586,0,5
heavy_34_0,1258127482,1258129147,4
heavy_34_1,1258127482,1258129357,4
heavier1_0,1258127971,1258128124,7
heavier1_1,1258127971,1258128124,7
heavier2_0,1258127971,1258128124,7
heavier2_1,1258127971,1258128124,7
heavier3_0,1258127971,1258128124,7
heavier3_1,1258127971,1258128193,7
heavier4_0,1258127971,1258128193,7
heavier4_1,1258127971,1258128193,7
heavier5_0,1258127971,1258128193,7
heavier5_1,1258127896,1258128055,7
heavier6_0,1258127896,1258128055,7
heavier6_1,1258127896,1258128055,7
heavier7_0,1258127896,1258128055,7
heavier7_1,1258127896,1258128055,7
heavier8_0,1258127896,1258128055,7
heavier8_1,1258127896,1258128055,7
heavier9_0,1258127971,1258128193,7
heavier9_1,1258127971,1258128055,7
heavier10_0,1258127971,1258128055,7
heavier10_1,1258127971,1258128055,7
heavier11_0,1258127880,1258128055,7
heavier11_1,1258127880,1258128055,7
heavier12_0,1258127880,1258128055,7
heavier12_1,1258127880,1258128055,7
heavier13_0,1258127880,1258128055,7
heavier13_1,1258127812,1258127971,7
heavier14_0,1258127812,1258127971,7
heavier14_1,1258127812,1258127971,7
heavier15_0,1258127812,1258127971,7
heavier15_1,1258127812,1258127971,7
heavier16_0,1258127812,1258127971,7
heavier16_1,1258127864,1258127986,7
heavier17_0,1258127864,1258127986,7
heavier17_1,1258127864,1258127986,7
heavier18_0,1258127864,1258127986,7
heavier18_1,1258127864,1258127986,7
heavier19_0,1258127864,1258127986,7
heavier19_1,1258127864,1258128055,7
heavier20_0,1258127880,1258128055,7
heavier20_1,1258127880,1258128055,7
heavier21_0,1258127971,1258128124,7
heavier21_1,1258127971,1258128124,7
heavier22_0,1258127971,1258128124,7
heavier22_1,1258127760,1258127796,7
heavier23_0,1258127760,1258127796,7
heavier23_1,1258127760,1258127796,7
heavier24_0,1258127760,1258127796,7
heavier24_1,1258127760,1258127796,7
heavier25_0,1258127760,1258127812,7
heavier25_1,1258127760,1258127812,7
heavier26_0,1258127760,1258127812,7
heavier26_1,1258127760,1258127812,7
heavier27_0,1258127760,1258127812,7
heavier27_1,1258127760,1258127812,7
heavier28_0,1258127760,1258127832,7
heavier28_1,1258127760,1258127832,7
heavier29_0,1258127760,1258127832,7
heavier29_1,1258127760,1258127832,7
heavier30_0,1258127760,1258127832,7
heavier30_1,1258127760,1258127832,7
heavier31_0,1258127760,1258127832,7
heavier31_1,1258127760,1258127848,7
heavier32_0,1258127760,1258127848,7
heavier32_1,1258127760,1258127848,7
heavier33_0,1258127760,1258127848,7
heavier33_1,1258127760,1258127848,7
heavier34_0,1258127760,1258127864,7
heavier34_1,1258127760,1258127864,7
heavier35_0,1258127760,1258127864,7
heavier35_1,1258127760,1258127864,7
heavier36_0,1258127760,1258127864,7
heavier36_1,1258127760,1258127880,7
heavier37_0,1258127796,1258127880,7
heavier37_1,1258127796,1258127880,7
heavier38_0,1258127796,1258127896,7
heavier38_1,1258127796,1258127896,7
heavier39_0,1258127796,1258127896,7
heavier39_1,1258127796,1258127896,7
heavier40_0,1258127796,1258127896,7
heavier40_1,1258127832,1258127971,7
heavier41_0,1258127832,1258127971,7
heavier41_1,1258127832,1258127971,7
heavier42_0,1258127832,1258127971,7
heavier42_1,1258127832,1258127971,7
heavier43_0,1258127832,1258127971,7
heavier43_1,1258127832,1258127971,7
heavier44_0,1258127832,1258127971,7
heavier44_1,1258127832,1258127971,7
heavier45_0,1258127832,1258127971,7
heavier45_1,1258127832,1258127971,7
heavier46_0,1258127848,1258127971,7
heavier46_1,1258127848,1258127971,7
heavier47_0,1258127848,1258127971,7
heavier47_1,1258127848,1258127971,7
heavier48_0,1258127848,1258127971,7
heavier48_1,1258127848,1258127971,7
heavier49_0,1258127848,1258127971,7
heavier49_1,1258127971,1258128124,7
heavier50_0,1258127779,1258127880,7
heavier50_1,1258127779,1258127880,7
heavy_35_0,1258127971,1258128055,7
heavy_35_1,1258127971,1258128055,7
heavy_36_0,1258127971,1258128055,7
heavy_36_1,1258127971,1258128055,7
heavy_37_0,1258127971,1258128124,7
heavy_37_1,1258127971,1258128124,7
heavy_38_0,1258127971,1258128124,7
heavy_38_1,1258127971,1258128124,7
heavy_39_0,1258127971,1258128124,7
heavy_39_1,1258127971,1258128124,7
heavy_40_0,1258127971,1258128124,7
heavy_40_1,1258127971,1258128124,7
heavy_41_0,1258127971,1258128124,7
heavy_41_1,1258127971,1258128124,7
heavy_42_0,1258127971,1258128124,7
heavy_42_1,1258127971,1258128124,7
heavy_43_0,1258137119,1258137603,7
heavy_43_1,1258137135,1258137603,7
heavier210_0,1258137018,1258137056,7
heavier210_1,1258137018,1258137056,7
heavier211_0,1258137018,1258137056,7
heavier211_1,1258137018,1258137056,7
heavier212_0,1258137018,1258137056,7
heavier212_1,1258137018,1258137056,7
heavier213_0,1258137018,1258137056,7
heavier213_1,1258137018,1258137071,7
heavier214_0,1258137018,1258137071,7
heavier214_1,1258137018,1258137071,7
heavier215_0,1258137018,1258137071,7
heavier215_1,1258137018,1258137087,7
heavier216_0,1258137018,1258137087,7
heavier216_1,1258137018,1258137087,7
heavier217_0,1258137018,1258137087,7
heavier217_1,1258137018,1258137087,7
heavier218_0,1258137018,1258137087,7
heavier218_1,1258137018,1258137103,7
heavier219_0,1258137018,1258137103,7
heavier219_1,1258137018,1258137103,7
heavier220_0,1258137018,1258137103,7
heavier220_1,1258137018,1258137103,7
heavier221_0,1258137018,1258137119,7
heavier221_1,1258137018,1258137119,7
heavier222_0,1258137018,1258137119,7
heavier222_1,1258137018,1258137119,7
heavier223_0,1258137018,1258137119,7
heavier223_1,1258137018,1258137135,7
heavier224_0,1258137018,1258137135,7
heavier224_1,1258137018,1258137135,7
heavier225_0,1258137018,1258137135,7
heavier225_1,1258137018,1258137135,7
heavier226_0,1258137018,1258137160,7
heavier226_1,1258137018,1258137160,7
heavier227_0,1258137018,1258137160,7
heavier227_1,1258137018,1258137160,7
heavier228_0,1258137018,1258137160,7
heavier228_1,1258137018,1258137160,7
heavier229_0,1258137018,1258137160,7
heavier229_1,1258137018,1258137160,7
heavier230_0,1258137018,1258137160,7
heavier230_1,1258137018,1258137187,7
heavier231_0,1258137018,1258137187,7
heavier231_1,1258137018,1258137187,7
heavier232_0,1258137018,1258137187,7
heavier232_1,1258137018,1258137187,7
heavier233_0,1258137018,1258137187,7
heavier233_1,1258137018,1258137187,7
heavier234_0,1258137018,1258137187,7
heavier234_1,1258137018,1258137187,7
heavier235_0,1258137033,1258137273,7
heavier235_1,1258137033,1258137273,7
heavier236_0,1258137033,1258137273,7
heavier236_1,1258137033,1258137273,7
heavier237_0,1258137033,1258137273,7
heavier237_1,1258137033,1258137273,7
heavier238_0,1258137033,1258137273,7
heavier238_1,1258137033,1258137273,7
heavier239_0,1258137033,1258137273,7
heavier239_1,1258137033,1258137273,7
heavier240_0,1258137033,1258137273,7
heavier240_1,1258137033,1258137273,7
heavier241_0,1258137033,1258137273,7
heavier241_1,1258137033,1258137273,7
heavier242_0,1258137033,1258137273,7
heavier242_1,1258137033,1258137273,7
heavier243_0,1258137033,1258137343,7
heavier243_1,1258137034,1258137343,7
heavier244_0,1258137034,1258137343,7
heavier244_1,1258137034,1258137343,7
heavier245_0,1258137034,1258137343,7
heavier245_1,1258137034,1258137343,7
heavier246_0,1258137034,1258137343,7
heavier246_1,1258137034,1258137343,7
heavier247_0,1258137034,1258137343,7
heavier247_1,1258137034,1258137343,7
heavier248_0,1258137034,1258137343,7
heavier248_1,1258137034,1258137343,7
heavier249_0,1258137034,1258137343,7
heavier249_1,1258137071,1258137411,7
heavier250_0,1258137071,1258137411,7
heavier250_1,1258137071,1258137411,7
heavier2_1_0,1258137071,1258137411,7
heavier2_1_1,1258137071,1258137411,7
heavier2_2_0,1258137071,1258137411,7
heavier2_2_1,1258137071,1258137411,7
heavier2_3_0,1258137071,1258137411,7
heavier2_3_1,1258137071,1258137411,7
heavier2_4_0,1258137119,1258137481,7
heavier2_4_1,1258137119,1258137481,7
heavier2_5_0,1258137119,1258137481,7
heavier2_5_1,1258137119,1258137481,7
heavier2_6_0,1258137119,1258137481,7
heavier2_6_1,1258137119,1258137481,7
heavier2_7_0,1258137119,1258137481,7
heavier2_7_1,1258137119,1258137481,7
heavier2_8_0,1258137119,1258137481,7
heavier2_8_1,1258137119,1258137603,7
heavier2_9_0,1258137135,1258137603,7
heavier2_9_1,1258137135,1258137603,7
heavier2_10_0,1258137160,1258137603,7
heavier2_10_1,1258137160,1258137603,7
heavier2_11_0,1258137160,1258137603,7
heavier2_11_1,1258137160,1258137603,7
heavier2_12_0,1258137160,1258137603,7
heavier2_12_1,1258137160,1258137603,7
heavier2_13_0,1258137160,1258137603,7
heavier2_13_1,1258137160,1258137603,7
heavier2_14_0,1258137160,1258137603,7
heavier2_14_1,1258137160,1258137603,7
heavier2_15_0,1258137056,1258137343,7
heavier2_15_1,1258137056,1258137343,7
heavier2_16_0,1258137056,1258137343,7
heavier2_16_1,1258137056,1258137343,7
heavier2_17_0,1258137056,1258137343,7
heavier2_17_1,1258137056,1258137343,7
heavier2_18_0,1258137056,1258137343,7
heavier2_18_1,1258137056,1258137343,7
heavier2_19_0,1258137056,1258137343,7
heavier2_19_1,1258137056,1258137343,7
heavier2_20_0,1258137056,1258137411,7
heavier2_20_1,1258137056,1258137411,7
heavier2_21_0,1258137056,1258137411,7
heavier2_21_1,1258137056,1258137411,7
heavier2_22_0,1258137056,1258137411,7
heavier2_22_1,1258137103,1258137481,7
heavier2_23_0,1258137103,1258137481,7
heavier2_23_1,1258137103,1258137481,7
heavier2_24_0,1258137103,1258137481,7
heavier2_24_1,1258137103,1258137481,7
heavier2_25_0,1258137103,1258137481,7
heavier2_25_1,1258137103,1258137481,7
heavier2_26_0,1258137103,1258137481,7
heavier2_26_1,1258137103,1258137481,7
heavier2_27_0,1258137103,1258137481,7
heavier2_27_1,1258137160,1258137603,7
heavier2_28_0,1258137033,1258137204,7
heavier2_28_1,1258137033,1258137204,7
heavier2_29_0,1258137033,1258137204,7
heavier2_29_1,1258137033,1258137204,7
heavier2_30_0,1258137033,1258137204,7
heavier2_30_1,1258137033,1258137204,7
heavier2_31_0,1258137033,1258137273,7
heavier2_31_1,1258137033,1258137273,7
heavier2_32_0,1258137033,1258137273,7
heavier2_32_1,1258137033,1258137273,7
heavier2_33_0,1258137033,1258137273,7
heavier2_33_1,1258137033,1258137273,7
heavier2_34_0,1258137160,1258137603,7
heavier2_34_1,1258137160,1258137603,7
heavier2_35_0,1258137160,1258137603,7
heavier2_35_1,1258137160,1258137603,7
heavier2_36_0,1258137087,1258137411,7
heavier2_36_1,1258137087,1258137411,7
heavier2_37_0,1258137087,1258137411,7
heavier2_37_1,1258137087,1258137411,7
heavier2_38_0,1258137087,1258137411,7
heavier2_38_1,1258137087,1258137411,7
heavier2_39_0,1258137087,1258137411,7
heavier2_39_1,1258137087,1258137411,7
heavier2_40_0,1258137087,1258137411,7
heavier2_40_1,1258137087,1258137481,7
heavier2_41_0,1258137087,1258137481,7
heavier2_41_1,1258137087,1258137481,7
heavier2_42_0,1258137087,1258137481,7
heavier2_42_1,1258137160,1258137603,7
heavier2_43_0,1258137160,1258137603,7
heavier2_43_1,1258137160,1258137603,7
heavier2_44_0,1258137160,1258137603,7
heavier2_44_1,1258137160,1258137603,7
heavier2_45_0,1258137160,1258137603,7
heavier2_45_1,1258137187,1258137603,7
heavier2_46_0,1258137135,1258137603,7
heavier2_46_1,1258137135,1258137603,7
heavier2_47_0,1258137135,1258137603,7
heavier2_47_1,1258137135,1258137603,7
heavier2_48_0,1258137135,1258137603,7
heavier2_48_1,1258137135,1258137603,7
heavier2_49_0,1258137135,1258137603,7
heavier2_49_1,1258137135,1258137603,7
heavier2_50_0,1258137135,1258137603,7
heavier2_50_1,1258137071,1258137411,7
heavy_27_4,1258146747,1258146821,7
heavy_27_5,1258146747,1258146821,7
heavy_27_6,1258146886,1258146960,7
heavy_27_7,1258146886,1258146960,7
heavy_test3_21_2,1258151946,1258238373,7
heavy_test3_22_2,1258151946,1258238373,7
heavy_test3_22_3,1258151946,1258238373,7
heavy_test3_23_2,1258151946,1258238373,7
heavy_test3_23_3,1258151946,1258238373,7
heavy_test3_24_2,1258151946,1258238373,7
heavy_test3_24_3,1258151946,1258238373,7
heavy_test3_25_2,1258151946,1258238373,7
heavy_test3_25_3,1258151946,1258238373,7
heavy_test3_26_2,1258151946,1258238373,7
heavy_test3_26_3,1258151946,1258238373,7
heavy_test3_27_2,1258151946,1258238373,7
heavy_test3_27_3,1258151946,1258238373,7
heavy_test3_28_2,1258151946,1258238373,7
heavy_test3_28_3,1258151946,1258238373,7
heavy_test3_29_2,1258151946,1258238373,7
heavy_test3_29_3,1258151946,1258238373,7
heavy_test3_30_2,1258151946,1258238373,7
heavy_test3_30_3,1258151946,1258238373,7
heavy_test3_31_2,1258151946,1258238373,7
heavy_test3_31_3,1258151946,1258238373,7
heavy_test3_32_2,1258151946,1258238373,7
heavy_test3_32_3,1258151946,1258238373,7
heavy_test3_33_2,1258151946,1258238373,7
heavy_test3_33_3,1258151946,1258238373,7
heavy_test3_34_2,1258151946,1258238373,7
heavy_test3_34_3,1258151946,1258238373,7
heavy_test3_35_2,1258151946,1258238373,7
heavy_test3_35_3,1258151946,1258238373,7
heavy_test3_36_2,1258151946,1258238373,7
heavy_test3_36_3,1258151946,1258238373,7
heavy_test3_37_2,1258151946,1258238373,7
heavy_test3_37_3,1258151946,1258238373,7
heavy_test3_38_2,1258151946,1258238373,7
heavy_test3_38_3,1258151946,1258238373,7
heavy_test3_39_2,1258151946,1258238373,7
heavy_test3_39_3,1258151946,1258238373,7
heavy_test3_40_2,1258151946,1258238373,7
heavy_test3_40_3,1258151946,1258238373,7
heavy_test3_41_2,1258151946,1258238373,7
heavy_test3_41_3,1258151946,1258238373,7
heavy_test3_42_2,1258151946,1258238373,7
heavy_test3_42_3,1258151946,1258238373,7
heavy_test3_43_2,1258151946,1258238373,7
heavy_test3_1_2,1258151946,1258238373,7
heavy_test3_1_3,1258154673,1258154749,4
heavy_test3_2_2,1258154673,1258154749,4
heavy_test3_2_3,1258154673,1258154749,4
heavy_test3_3_2,1258154673,1258154749,4
heavy_test3_3_3,1258151490,1258237919,6
heavy_test3_4_2,1258151490,1258237919,6
heavy_test3_4_3,1258151490,1258237919,6
heavy_test3_5_2,1258151490,1258237919,6
heavy_test3_5_3,1258151490,1258237919,6
heavy_test3_6_2,1258151490,1258237919,6
heavy_test3_6_3,1258151490,1258237919,6
heavy_test3_7_2,1258151490,1258237919,6
heavy_test3_7_3,1258151490,1258237919,6
heavy_test3_8_2,1258151490,1258237919,6
heavy_test3_47_2,1258151490,1258237919,6
heavy_test3_48_2,1258151490,1258237919,6
heavy_test3_48_3,1258151490,1258237919,6
heavy_test3_49_2,1258151490,1258237919,6
heavy_test3_49_3,1258151490,1258237919,6
heavy_test3_50_2,1258151490,1258237919,6
heavy_test3_50_3,1258151490,1258237919,6
heavy_test3_8_3,1258151490,1258237919,6
heavy_test3_9_2,1258151490,1258237919,6
heavy_test3_9_3,1258151490,1258237919,6
heavy_test3_10_2,1258151490,1258237919,6
heavy_test3_10_3,1258151490,1258237919,6
heavy_test3_11_2,1258151490,1258237919,6
heavy_test3_11_3,1258151490,1258237919,6
heavy_test3_12_2,1258151490,1258237919,6
heavy_test3_12_3,1258151490,1258237919,6
heavy_test3_13_2,1258151490,1258237919,6
heavy_test3_13_3,1258151490,1258237919,6
heavy_test3_14_2,1258151490,1258237919,6
heavy_test3_14_3,1258151490,1258237919,6
heavy_test3_15_2,1258151490,1258237919,6
heavy_test3_43_3,1258151490,1258237919,6
heavy_test3_44_2,1258151491,1258237919,6
heavy_test3_44_3,1258151491,1258237919,6
heavy_test3_45_2,1258151491,1258237919,6
heavy_test3_45_3,1258151491,1258237919,6
heavy_test3_46_2,1258151491,1258237919,6
heavy_test3_46_3,1258151491,1258237919,6
heavy_test3_47_3,1258151491,1258237919,6
heavy_test3_15_3,1258151491,1258237919,6
heavy_test3_16_2,1258151491,1258237919,6
heavy_test3_16_3,1258151491,1258237919,6
heavy_test3_17_2,1258151491,1258237919,6
heavy_test3_17_3,1258151491,1258237919,6
heavy_test3_18_2,1258151491,1258237919,6
heavy_test3_18_3,1258151491,1258237919,6
heavy_test3_19_2,1258151946,1258238373,7
heavy_test3_19_3,1258151946,1258238373,7
heavy_test3_20_2,1258151946,1258238373,7
heavy_test3_20_3,1258151946,1258238373,7
heavy_test3_21_3,1258151946,1258238373,7
heavy_test3_1_4,1258154889,1258154963,4
heavy_test3_2_4,1258154889,1258154963,4
heavy_test3_2_5,1258154889,1258154963,4
heavy_test3_3_4,1258154889,1258154963,4
heavy_test3_1_5,1258155054,1258155129,4
heavy_test3_3_5,1258155054,1258155129,4
heavy_test3_1_6,1258155200,1258155275,4
heavy_test3_3_6,1258155200,1258155275,4
heavy_test3_4_4,1258237986,1258324413,6
heavy_test3_4_5,1258237986,1258324413,6
heavy_test3_5_4,1258237986,1258324413,6
heavy_test3_5_5,1258237986,1258324413,6
heavy_test3_6_4,1258237986,1258324413,6
heavy_test3_6_5,1258237986,1258324413,6
heavy_test3_7_4,1258237986,1258324413,6
heavy_test3_7_5,1258237986,1258324413,6
heavy_test3_8_4,1258237986,1258324413,6
heavy_test3_8_5,1258237986,1258324413,6
heavy_test3_9_4,1258237986,1258324413,6
heavy_test3_9_5,1258237986,1258324413,6
heavy_test3_10_4,1258237986,1258324413,6
heavy_test3_10_5,1258237986,1258324413,6
heavy_test3_11_4,1258237986,1258324413,6
heavy_test3_11_5,1258237986,1258324413,6
heavy_test3_12_4,1258237986,1258324413,6
heavy_test3_12_5,1258237986,1258324413,6
heavy_test3_13_4,1258237986,1258324413,6
heavy_test3_13_5,1258237986,1258324413,6
heavy_test3_14_4,1258237986,1258324413,6
heavy_test3_14_5,1258237986,1258324413,6
heavy_test3_15_4,1258237986,1258324413,6
heavy_test3_15_5,1258237986,1258324413,6
heavy_test3_16_4,1258237986,1258324413,6
heavy_test3_16_5,1258237986,1258324413,6
heavy_test3_17_4,1258237986,1258324413,6
heavy_test3_17_5,1258237986,1258324413,6
heavy_test3_18_4,1258237986,1258324413,6
heavy_test3_18_5,1258237986,1258324413,6
heavy_test3_43_4,1258237986,1258324413,6
heavy_test3_44_4,1258237986,1258324413,6
heavy_test3_44_5,1258237986,1258324413,6
heavy_test3_45_4,1258237986,1258324413,6
heavy_test3_45_5,1258237986,1258324413,6
heavy_test3_46_4,1258237986,1258324413,6
heavy_test3_46_5,1258237986,1258324413,6
heavy_test3_47_4,1258237986,1258324413,6
heavy_test3_47_5,1258237986,1258324413,6
heavy_test3_48_4,1258237986,1258324413,6
heavy_test3_48_5,1258237986,1258324413,6
heavy_test3_49_4,1258237986,1258324413,6
heavy_test3_49_5,1258237986,1258324413,6
heavy_test3_50_4,1258237986,1258324413,6
heavy_test3_50_5,1258237986,1258324413,6
heavy_test3_19_4,1258238438,1258324864,7
heavy_test3_19_5,1258238438,1258324864,7
heavy_test3_20_4,1258238438,1258324864,7
heavy_test3_20_5,1258238438,1258324864,7
heavy_test3_21_4,1258238438,1258324864,7
heavy_test3_21_5,1258238438,1258324864,7
heavy_test3_22_4,1258238438,1258324864,7
heavy_test3_22_5,1258238438,1258324864,7
heavy_test3_23_4,1258238438,1258324864,7
heavy_test3_23_5,1258238438,1258324864,7
heavy_test3_24_4,1258238438,1258324864,7
heavy_test3_24_5,1258238438,1258324864,7
heavy_test3_25_4,1258238438,1258324864,7
heavy_test3_25_5,1258238438,1258324864,7
heavy_test3_26_4,1258238438,1258324864,7
heavy_test3_26_5,1258238438,1258324864,7
heavy_test3_27_4,1258238438,1258324864,7
heavy_test3_27_5,1258238438,1258324864,7
heavy_test3_28_4,1258238438,1258324864,7
heavy_test3_28_5,1258238438,1258324864,7
heavy_test3_29_4,1258238438,1258324864,7
heavy_test3_29_5,1258238438,1258324864,7
heavy_test3_30_4,1258238438,1258324864,7
heavy_test3_30_5,1258238438,1258324864,7
heavy_test3_31_4,1258238438,1258324864,7
heavy_test3_31_5,1258238438,1258324864,7
heavy_test3_32_4,1258238438,1258324864,7
heavy_test3_32_5,1258238438,1258324864,7
heavy_test3_33_4,1258238438,1258324864,7
heavy_test3_33_5,1258238438,1258324864,7
heavy_test3_34_4,1258238438,1258324864,7
heavy_test3_34_5,1258238438,1258324864,7
heavy_test3_35_4,1258238438,1258324864,7
heavy_test3_35_5,1258238438,1258324864,7
heavy_test3_36_4,1258238438,1258324864,7
heavy_test3_36_5,1258238438,1258324864,7
heavy_test3_37_4,1258238438,1258324864,7
heavy_test3_37_5,1258238438,1258324864,7
heavy_test3_38_4,1258238438,1258324864,7
heavy_test3_38_5,1258238438,1258324864,7
heavy_test3_39_4,1258238438,1258324864,7
heavy_test3_39_5,1258238438,1258324864,7
heavy_test3_40_4,1258238438,1258324864,7
heavy_test3_40_5,1258238438,1258324864,7
heavy_test3_41_4,1258238438,1258324864,7
heavy_test3_41_5,1258238438,1258324864,7
heavy_test3_42_4,1258238438,1258324864,7
heavy_test3_42_5,1258238438,1258324864,7
heavy_test3_43_5,1258238438,1258324864,7
heavy_test3_43_6,1258324481,1258324554,6
test1_1_0,1259576018,1259590422,4
test1_1_1,1259576018,1259590422,4
test1_2_0,1259576018,1259590422,4
test1_2_1,1259576018,1259590422,4
test1_3_0,1259576018,1259590422,4
test1_3_1,1259576018,1259590422,4
test1_4_0,1259576662,1259576705,7
test1_4_1,1259576662,1259576705,7
test1_5_0,1259576662,1259576705,7
test1_5_1,1259576662,1259576705,7
test1_6_0,1259576662,1259576705,7
test1_6_1,1259576662,1259576705,7
test1_7_0,1259576662,1259576705,7
test1_7_1,1259576662,1259576705,7
test1_8_0,1259576662,1259576778,7
test1_8_1,1259576662,1259576778,7
test1_9_0,1259576662,1259576778,7
test1_9_1,1259576662,1259576778,7
test1_10_0,1259576662,1259576778,7
test1_10_1,1259576662,1259576778,7
test1_11_0,1259576662,1259576778,7
test1_11_1,1259576662,1259576778,7
test1_12_0,1259576662,1259576778,7
test1_12_1,1259576662,1259576778,7
test1_13_0,1259576662,1259576778,7
test1_13_1,1259576662,1259576778,7
test1_14_0,1259576662,1259576778,7
test1_14_1,1259576662,1259576778,7
test1_15_0,1259576662,1259576778,7
test1_15_1,1259576662,1259576778,7
test1_16_0,1259576662,1259576778,7
test1_16_1,1259576662,1259576778,7
test1_17_0,1259576662,1259576778,7
test1_17_1,1259576662,1259576778,7
test1_18_0,1259576662,1259576778,7
test1_18_1,1259576662,1259576778,7
test1_19_0,1259576662,1259576778,7
test1_19_1,1259576662,1259576778,7
test1_20_0,1259576662,1259576818,7
test1_20_1,1259576662,1259576818,7
test1_21_0,1259576662,1259576818,7
test1_21_1,1259576662,1259576818,7
test1_22_0,1259576662,1259576818,7
test1_22_1,1259576662,1259576818,7
test1_23_0,1259576662,1259576818,7
test1_23_1,1259576662,1259576818,7
test1_24_0,1259576662,1259576818,7
test1_24_1,1259576662,1259576818,7
test1_25_0,1259576662,1259576818,7
test1_25_1,1259576662,1259576818,7
test1_26_0,1259576662,1259576885,7
test1_26_1,1259576662,1259576885,7
test1_27_0,1259576662,1259576885,7
test1_27_1,1259576662,1259576885,7
test1_28_0,1259576662,1259576885,7
test1_28_1,1259576662,1259576885,7
test1_29_0,1259576679,1259576885,7
test1_29_1,1259576679,1259576885,7
test1_30_0,1259576679,1259576885,7
test1_30_1,1259576679,1259576885,7
test1_31_0,1259576679,1259576885,7
test1_31_1,1259576679,1259576885,7
test1_32_0,1259576679,1259576885,7
test1_32_1,1259576679,1259576885,7
test1_33_0,1259576679,1259576885,7
test1_33_1,1259576679,1259576885,7
test1_34_0,1259576679,1259576885,7
test1_34_1,1259576679,1259576885,7
test1_35_0,1259576679,1259576885,7
test1_35_1,1259576679,1259576885,7
test1_36_0,1259576679,1259576885,7
test1_36_1,1259576018,1259577950,4
test1_37_0,1259576018,1259577950,4
test1_37_1,1259576018,1259577950,4
test1_38_0,1259576018,1259577950,4
test1_38_1,1259576018,1259577950,4
test1_39_0,1259576018,1259577950,4
test1_39_1,1259576018,1259577950,4
test1_40_0,1259576018,1259577950,4
test1_40_1,1259576018,1259578180,4
test1_41_0,1259576018,1259578370,4
test1_41_1,1259576018,1259578700,4
test1_42_0,1259576018,1259579663,4
test1_42_1,1259576018,1259579663,4
test1_43_0,1259576018,1259581263,4
test1_43_1,1259576018,1259581263,4
test1_44_0,1259576018,1259581263,4
test1_44_1,1259576018,1259581263,4
test1_45_0,1259576018,1259581263,4
test1_45_1,1259576018,1259581263,4
test1_46_0,1259576018,1259581263,4
test1_46_1,1259576018,1259581351,4
test1_47_0,1259576018,1259590422,4
test1_47_1,1259576018,1259590422,4
test1_48_0,1259576018,1259590422,4
test1_48_1,1259576018,1259590422,4
test1_49_0,1259576018,1259590422,4
test1_49_1,1259576018,1259590422,4
test1_50_0,1259576018,1259590422,4
test1_50_1,1259576018,1259590422,4
